{"cameraMode":{"drawMode":0,"name":"Shaded","section":"Shading Mode"},"sceneLighting":true,"audioPlay":false,"sceneViewState":{"m_AlwaysRefresh":false,"showFog":true,"showSkybox":true,"showFlares":true,"showImageEffects":true,"showParticleSystems":true,"showVisualEffectGraphs":true,"m_FxEnabled":true},"in2DMode":false,"pivot":{"x":36.94827651977539,"y":-18.370420455932618,"z":-31.681480407714845},"rotation":{"x":-0.45405301451683047,"y":0.0018691825680434704,"z":-0.0009522673208266497,"w":-0.8909735679626465},"size":53.97572326660156,"orthographic":false}